format,avg_measured_coverage
display,0.46638655462184875
audio,0.4566929133858268
video,0.49356223175965663
banner,0.4698275862068966
native,0.5146443514644351
